<?xml version="1.0" encoding="UTF-8"?>
<project-private xmlns="http://www.netbeans.org/ns/project-private/1">
    <editor-bookmarks xmlns="http://www.netbeans.org/ns/editor-bookmarks/2" lastBookmarkId="0"/>
    <open-files xmlns="http://www.netbeans.org/ns/projectui-open-files/2">
        <group>
            <file>file:/C:/wamp64/www/MVC_GYM/model/Program.php</file>
            <file>file:/C:/wamp64/www/MVC_GYM/model/Zaposlenik.php</file>
            <file>file:/C:/wamp64/www/MVC_GYM/view/loginClanovi.php</file>
            <file>file:/C:/wamp64/www/MVC_GYM/view/index.php</file>
            <file>file:/C:/wamp64/www/MVC_GYM/Admin/Administratori.php</file>
            <file>file:/C:/wamp64/www/MVC_GYM/Admin/ad_view.php</file>
            <file>file:/C:/wamp64/www/MVC_GYM/model/logout.php</file>
            <file>file:/C:/wamp64/www/MVC_GYM/Admin/cl_update.php</file>
            <file>file:/C:/wamp64/www/MVC_GYM/Admin/indexTrener.php</file>
            <file>file:/C:/wamp64/www/MVC_GYM/model/aLogin.php</file>
            <file>file:/C:/wamp64/www/MVC_GYM/controller/ClanarineController.php</file>
            <file>file:/C:/wamp64/www/MVC_GYM/model/Clanovi.php</file>
            <file>file:/C:/wamp64/www/MVC_GYM/controller/ClanoviController.php</file>
            <file>file:/C:/wamp64/www/MVC_GYM/controller/ZaposlenikController.php</file>
            <file>file:/C:/wamp64/www/MVC_GYM/controller/ProgramiController.php</file>
            <file>file:/C:/wamp64/www/MVC_GYM/Admin/Clanovi.php</file>
            <file>file:/C:/wamp64/www/MVC_GYM/model/Login.php</file>
            <file>file:/C:/wamp64/www/MVC_GYM/Admin/cl_view.php</file>
            <file>file:/C:/wamp64/www/MVC_GYM/Admin/indexClanovi.php</file>
            <file>file:/C:/wamp64/www/MVC_GYM/Admin/indexAdmin.php</file>
            <file>file:/C:/wamp64/www/MVC_GYM/model/Clanarine.php</file>
        </group>
    </open-files>
</project-private>
